start,end,x,y,left,right,middle,x1,x2,ctrl,shift,alt,win,window,repeats
1746056973794,1746056976750,594,310,0,0,0,0,0,0,0,0,0,"MouseMonitor – Main.kt [MouseMonitor.main]",299
1746056976761,1746056976761,594,317,0,0,0,0,0,0,0,0,0,"MouseMonitor – Main.kt [MouseMonitor.main]",1
1746056976761,1746056976771,594,323,0,0,0,0,0,0,0,0,0,"MouseMonitor – Main.kt [MouseMonitor.mainasdfasdfasdfasdfasdfas]",1
1746056976780,1746056976780,594,329,0,0,0,0,0,0,0,0,0,"MouseMonitor – Main.kt [MouseMonitor.main]",1
1746056976790,1746056976790,592,350,0,0,0,0,0,0,0,0,0,"MouseMonitor – Main.kt [MouseMonitor.main]",1
1746056976800,1746056976800,591,363,0,0,0,0,0,0,0,0,0,"MouseMonitor – Main.kt [MouseMonitor.main]",1
1746056976810,1746056976810,590,371,0,0,0,0,0,0,0,0,0,"MouseMonitor – Main.kt [MouseMonitor.main]",1
1746056976820,1746056976820,589,398,0,0,0,0,0,0,0,0,0,"MouseMonitor – Main.kt [MouseMonitor.main]",1
1746056976830,1746056976830,588,410,0,0,0,0,0,0,0,0,0,"MouseMonitor – Main.kt [MouseMonitor.main]",1
1746056976840,1746056976840,587,437,0,0,0,0,0,0,0,0,0,"MouseMonitor – Main.kt [MouseMonitor.main]",1
1746056976850,1746056976850,587,451,0,0,0,0,0,0,0,0,0,"MouseMonitor – Main.kt [MouseMonitor.main]",1
1746056976860,1746056976860,587,465,0,0,0,0,0,0,0,0,0,"MouseMonitor – Main.kt [MouseMonitor.main]",1
1746056976870,1746056976870,597,493,0,0,0,0,0,0,0,0,0,"MouseMonitor – Main.kt [MouseMonitor.main]",1
1746056976880,1746056976880,603,505,0,0,0,0,0,0,0,0,0,"MouseMonitor – Main.kt [MouseMonitor.main]",1
1746056976890,1746056976890,611,517,0,0,0,0,0,0,0,0,0,"MouseMonitor – Main.kt [MouseMonitor.main]",1
1746056976900,1746056976900,639,546,0,0,0,0,0,0,0,0,0,"MouseMonitor – Main.kt [MouseMonitor.main]",1
1746056976910,1746056976910,656,558,0,0,0,0,0,0,0,0,0,"MouseMonitor – Main.kt [MouseMonitor.main]",1
1746056976920,1746056976920,677,569,0,0,0,0,0,0,0,0,0,"MouseMonitor – Main.kt [MouseMonitor.main]",1
1746056976930,1746056976930,740,589,0,0,0,0,0,0,0,0,0,"MouseMonitor – Main.kt [MouseMonitor.main]",1
1746056976940,1746056976940,758,592,0,0,0,0,0,0,0,0,0,"MouseMonitor – Main.kt [MouseMonitor.main]",1
1746056976950,1746056976950,778,594,0,0,0,0,0,0,0,0,0,"MouseMonitor – Main.kt [MouseMonitor.main]",1
1746056976960,1746056976960,837,598,0,0,0,0,0,0,0,0,0,"MouseMonitor – Main.kt [MouseMonitor.main]",1
1746056976970,1746056976970,872,598,0,0,0,0,0,0,0,0,0,"MouseMonitor – Main.kt [MouseMonitor.main]",1
1746056976980,1746056976980,891,598,0,0,0,0,0,0,0,0,0,"MouseMonitor – Main.kt [MouseMonitor.main]",1
1746056976990,1746056976990,966,592,0,0,0,0,0,0,0,0,0,"MouseMonitor – Main.kt [MouseMonitor.main]",1
1746056977000,1746056977000,1004,583,0,0,0,0,0,0,0,0,0,"MouseMonitor – Main.kt [MouseMonitor.main]",1
1746056977010,1746056977010,1045,570,0,0,0,0,0,0,0,0,0,"MouseMonitor – Main.kt [MouseMonitor.main]",1
1746056977020,1746056977020,1122,539,0,0,0,0,0,0,0,0,0,"MouseMonitor – Main.kt [MouseMonitor.main]",1
1746056977030,1746056977030,1154,523,0,0,0,0,0,0,0,0,0,"MouseMonitor – Main.kt [MouseMonitor.main]",1
1746056977040,1746056977040,1183,506,0,0,0,0,0,0,0,0,0,"MouseMonitor – Main.kt [MouseMonitor.main]",1
1746056977050,1746056977050,1213,486,0,0,0,0,0,0,0,0,0,"MouseMonitor – Main.kt [MouseMonitor.main]",1
1746056977060,1746056977060,1221,481,0,0,0,0,0,0,0,0,0,"MouseMonitor – Main.kt [MouseMonitor.main]",1
1746056977070,1746056977070,1229,474,0,0,0,0,0,0,0,0,0,"MouseMonitor – Main.kt [MouseMonitor.main]",1
1746056977080,1746056977080,1231,470,0,0,0,0,0,0,0,0,0,"MouseMonitor – Main.kt [MouseMonitor.main]",1
1746056977090,1746056977090,1231,468,0,0,0,0,0,0,0,0,0,"MouseMonitor – Main.kt [MouseMonitor.main]",1
1746056977100,1746056977100,1231,467,0,0,0,0,0,0,0,0,0,"MouseMonitor – Main.kt [MouseMonitor.main]",1
1746056977110,1746056977110,1221,460,0,0,0,0,0,0,0,0,0,"MouseMonitor – Main.kt [MouseMonitor.main]",1
1746056977120,1746056977120,1213,455,0,0,0,0,0,0,0,0,0,"MouseMonitor – Main.kt [MouseMonitor.main]",1
1746056977130,1746056977130,1199,451,0,0,0,0,0,0,0,0,0,"MouseMonitor – Main.kt [MouseMonitor.main]",1
1746056977140,1746056977140,1141,440,0,0,0,0,0,0,0,0,0,"MouseMonitor – Main.kt [MouseMonitor.main]",1
1746056977150,1746056977150,1092,440,0,0,0,0,0,0,0,0,0,"MouseMonitor – Main.kt [MouseMonitor.main]",1
1746056977160,1746056977160,1048,441,0,0,0,0,0,0,0,0,0,"MouseMonitor – Main.kt [MouseMonitor.main]",1
1746056977170,1746056977170,928,467,0,0,0,0,0,0,0,0,0,"MouseMonitor – Main.kt [MouseMonitor.main]",1
1746056977180,1746056977180,884,485,0,0,0,0,0,0,0,0,0,"MouseMonitor – Main.kt [MouseMonitor.main]",1
1746056977190,1746056977190,834,507,0,0,0,0,0,0,0,0,0,"MouseMonitor – Main.kt [MouseMonitor.main]",1
1746056977200,1746056977200,740,567,0,0,0,0,0,0,0,0,0,"MouseMonitor – Main.kt [MouseMonitor.main]",1
1746056977210,1746056977210,714,589,0,0,0,0,0,0,0,0,0,"MouseMonitor – Main.kt [MouseMonitor.main]",1
1746056977220,1746056977220,693,612,0,0,0,0,0,0,0,0,0,"MouseMonitor – Main.kt [MouseMonitor.main]",1
1746056977230,1746056977230,672,649,0,0,0,0,0,0,0,0,0,"MouseMonitor – Main.kt [MouseMonitor.main]",1
1746056977240,1746056977240,672,662,0,0,0,0,0,0,0,0,0,"MouseMonitor – Main.kt [MouseMonitor.main]",1
1746056977250,1746056977250,676,674,0,0,0,0,0,0,0,0,0,"MouseMonitor – Main.kt [MouseMonitor.main]",1
1746056977260,1746056977260,713,704,0,0,0,0,0,0,0,0,0,"MouseMonitor – Main.kt [MouseMonitor.main]",1
1746056977270,1746056977270,749,719,0,0,0,0,0,0,0,0,0,"MouseMonitor – Main.kt [MouseMonitor.main]",1
1746056977280,1746056977280,813,733,0,0,0,0,0,0,0,0,0,"MouseMonitor – Main.kt [MouseMonitor.main]",1
1746056977290,1746056977290,936,737,0,0,0,0,0,0,0,0,0,"MouseMonitor – Main.kt [MouseMonitor.main]",1
1746056977300,1746056977300,1010,730,0,0,0,0,0,0,0,0,0,"MouseMonitor – Main.kt [MouseMonitor.main]",1
1746056977310,1746056977310,1106,712,0,0,0,0,0,0,0,0,0,"MouseMonitor – Main.kt [MouseMonitor.main]",1
1746056977320,1746056977320,1257,673,0,0,0,0,0,0,0,0,0,"MouseMonitor – Main.kt [MouseMonitor.main]",1
1746056977330,1746056977330,1341,644,0,0,0,0,0,0,0,0,0,"MouseMonitor – Main.kt [MouseMonitor.main]",1
1746056977340,1746056977340,1404,621,0,0,0,0,0,0,0,0,0,"MouseMonitor – Main.kt [MouseMonitor.main]",1
1746056977350,1746056977350,1490,583,0,0,0,0,0,0,0,0,0,"MouseMonitor – Main.kt [MouseMonitor.main]",1
1746056977361,1746056977361,1512,569,0,0,0,0,0,0,0,0,0,"MouseMonitor – Main.kt [MouseMonitor.main]",1
1746056977370,1746056977370,1524,558,0,0,0,0,0,0,0,0,0,"MouseMonitor – Main.kt [MouseMonitor.main]",1
1746056977380,1746056977380,1526,552,0,0,0,0,0,0,0,0,0,"MouseMonitor – Main.kt [MouseMonitor.main]",1
1746056977390,1746056977390,1524,542,0,0,0,0,0,0,0,0,0,"MouseMonitor – Main.kt [MouseMonitor.main]",1
1746056977400,1746056977400,1514,533,0,0,0,0,0,0,0,0,0,"MouseMonitor – Main.kt [MouseMonitor.main]",1
1746056977410,1746056977410,1496,520,0,0,0,0,0,0,0,0,0,"MouseMonitor – Main.kt [MouseMonitor.main]",1
1746056977420,1746056977420,1407,477,0,0,0,0,0,0,0,0,0,"MouseMonitor – Main.kt [MouseMonitor.main]",1
1746056977430,1746056977430,1325,448,0,0,0,0,0,0,0,0,0,"MouseMonitor – Main.kt [MouseMonitor.main]",1
1746056977440,1746056977440,1269,436,0,0,0,0,0,0,0,0,0,"MouseMonitor – Main.kt [MouseMonitor.main]",1
1746056977450,1746056977450,1107,417,0,0,0,0,0,0,0,0,0,"MouseMonitor – Main.kt [MouseMonitor.main]",1
1746056977460,1746056977460,1040,417,0,0,0,0,0,0,0,0,0,"MouseMonitor – Main.kt [MouseMonitor.main]",1
1746056977470,1746056977470,972,420,0,0,0,0,0,0,0,0,0,"MouseMonitor – Main.kt [MouseMonitor.main]",1
1746056977480,1746056977480,859,450,0,0,0,0,0,0,0,0,0,"MouseMonitor – Main.kt [MouseMonitor.main]",1
1746056977490,1746056977490,825,466,0,0,0,0,0,0,0,0,0,"MouseMonitor – Main.kt [MouseMonitor.main]",1
1746056977500,1746056977500,801,479,0,0,0,0,0,0,0,0,0,"MouseMonitor – Main.kt [MouseMonitor.main]",1
1746056977510,1746056977510,766,511,0,0,0,0,0,0,0,0,0,"MouseMonitor – Main.kt [MouseMonitor.main]",1
1746056977520,1746056977520,759,526,0,0,0,0,0,0,0,0,0,"MouseMonitor – Main.kt [MouseMonitor.main]",1
1746056977530,1746056977530,758,539,0,0,0,0,0,0,0,0,0,"MouseMonitor – Main.kt [MouseMonitor.main]",1
1746056977540,1746056977540,767,572,0,0,0,0,0,0,0,0,0,"MouseMonitor – Main.kt [MouseMonitor.main]",1
1746056977550,1746056977550,783,594,0,0,0,0,0,0,0,0,0,"MouseMonitor – Main.kt [MouseMonitor.main]",1
1746056977560,1746056977560,804,613,0,0,0,0,0,0,0,0,0,"MouseMonitor – Main.kt [MouseMonitor.main]",1
1746056977570,1746056977570,865,650,0,0,0,0,0,0,0,0,0,"MouseMonitor – Main.kt [MouseMonitor.main]",1
1746056977580,1746056977580,904,663,0,0,0,0,0,0,0,0,0,"MouseMonitor – Main.kt [MouseMonitor.main]",1
1746056977590,1746056977590,942,674,0,0,0,0,0,0,0,0,0,"MouseMonitor – Main.kt [MouseMonitor.main]",1
1746056977600,1746056977600,1023,684,0,0,0,0,0,0,0,0,0,"MouseMonitor – Main.kt [MouseMonitor.main]",1
1746056977610,1746056977610,1072,686,0,0,0,0,0,0,0,0,0,"MouseMonitor – Main.kt [MouseMonitor.main]",1
1746056977620,1746056977620,1099,686,0,0,0,0,0,0,0,0,0,"MouseMonitor – Main.kt [MouseMonitor.main]",1
1746056977630,1746056977630,1159,681,0,0,0,0,0,0,0,0,0,"MouseMonitor – Main.kt [MouseMonitor.main]",1
1746056977640,1746056977640,1180,677,0,0,0,0,0,0,0,0,0,"MouseMonitor – Main.kt [MouseMonitor.main]",1
1746056977650,1746056977650,1196,672,0,0,0,0,0,0,0,0,0,"MouseMonitor – Main.kt [MouseMonitor.main]",1
1746056977660,1746056977660,1212,664,0,0,0,0,0,0,0,0,0,"MouseMonitor – Main.kt [MouseMonitor.main]",1
1746056977670,1746056977670,1216,661,0,0,0,0,0,0,0,0,0,"MouseMonitor – Main.kt [MouseMonitor.main]",1
1746056977680,1746056977680,1216,659,0,0,0,0,0,0,0,0,0,"MouseMonitor – Main.kt [MouseMonitor.main]",1
1746056977690,1746056977690,1216,653,0,0,0,0,0,0,0,0,0,"MouseMonitor – Main.kt [MouseMonitor.main]",1
1746056977700,1746056977700,1216,649,0,0,0,0,0,0,0,0,0,"MouseMonitor – Main.kt [MouseMonitor.main]",1
1746056977710,1746056977710,1215,645,0,0,0,0,0,0,0,0,0,"MouseMonitor – Main.kt [MouseMonitor.main]",1
1746056977720,1746056977720,1207,629,0,0,0,0,0,0,0,0,0,"MouseMonitor – Main.kt [MouseMonitor.main]",1
1746056977730,1746056977730,1203,623,0,0,0,0,0,0,0,0,0,"MouseMonitor – Main.kt [MouseMonitor.main]",1
1746056977740,1746056977740,1200,617,0,0,0,0,0,0,0,0,0,"MouseMonitor – Main.kt [MouseMonitor.main]",1
1746056977750,1746056977750,1197,611,0,0,0,0,0,0,0,0,0,"MouseMonitor – Main.kt [MouseMonitor.main]",1
1746056977760,1746056977760,1196,608,0,0,0,0,0,0,0,0,0,"MouseMonitor – Main.kt [MouseMonitor.main]",1
1746056977770,1746056977770,1195,606,0,0,0,0,0,0,0,0,0,"MouseMonitor – Main.kt [MouseMonitor.main]",1
1746056977780,1746056977850,1195,605,0,0,0,0,0,0,0,0,0,"MouseMonitor – Main.kt [MouseMonitor.main]",8
1746056977860,1746056977920,1195,605,1,0,0,0,0,0,0,0,0,"MouseMonitor – Main.kt [MouseMonitor.main]",7
1746056977930,1746056979080,1195,605,0,0,0,0,0,0,0,0,0,"MouseMonitor – Main.kt [MouseMonitor.main]",116
1746056979090,1746056979090,1194,605,0,0,0,0,0,0,0,0,0,"MouseMonitor – Main.kt [MouseMonitor.main]",1
1746056979100,1746056979100,1193,605,0,0,0,0,0,0,0,0,0,"MouseMonitor – Main.kt [MouseMonitor.main]",1
1746056979110,1746056979110,1185,610,0,0,0,0,0,0,0,0,0,"MouseMonitor – Main.kt [MouseMonitor.main]",1
1746056979120,1746056979120,1135,631,0,0,0,0,0,0,0,0,0,"MouseMonitor – Main.kt [MouseMonitor.main]",1
1746056979130,1746056979130,1094,646,0,0,0,0,0,0,0,0,0,"MouseMonitor – Main.kt [MouseMonitor.main]",1
1746056979140,1746056979140,1037,662,0,0,0,0,0,0,0,0,0,"MouseMonitor – Main.kt [MouseMonitor.main]",1
1746056979150,1746056979150,894,703,0,0,0,0,0,0,0,0,0,"MouseMonitor – Main.kt [MouseMonitor.main]",1
1746056979160,1746056979160,832,722,0,0,0,0,0,0,0,0,0,"MouseMonitor – Main.kt [MouseMonitor.main]",1
1746056979170,1746056979170,775,738,0,0,0,0,0,0,0,0,0,"MouseMonitor – Main.kt [MouseMonitor.main]",1
1746056979180,1746056979180,670,762,0,0,0,0,0,0,0,0,0,"MouseMonitor – Main.kt [MouseMonitor.main]",1
1746056979190,1746056979190,636,768,0,0,0,0,0,0,0,0,0,"MouseMonitor – Main.kt [MouseMonitor.main]",1
1746056979200,1746056979200,594,774,0,0,0,0,0,0,0,0,0,"MouseMonitor – Main.kt [MouseMonitor.main]",1
1746056979210,1746056979210,512,776,0,0,0,0,0,0,0,0,0,"MouseMonitor – Main.kt [MouseMonitor.main]",1
1746056979220,1746056979220,493,776,0,0,0,0,0,0,0,0,0,"MouseMonitor – Main.kt [MouseMonitor.main]",1
1746056979230,1746056979230,459,773,0,0,0,0,0,0,0,0,0,"MouseMonitor – Main.kt [MouseMonitor.main]",1
1746056979240,1746056979240,428,767,0,0,0,0,0,0,0,0,0,"MouseMonitor – Main.kt [MouseMonitor.main]",1
1746056979250,1746056979250,415,764,0,0,0,0,0,0,0,0,0,"MouseMonitor – Main.kt [MouseMonitor.main]",1
1746056979260,1746056979260,401,761,0,0,0,0,0,0,0,0,0,"MouseMonitor – Main.kt [MouseMonitor.main]",1
1746056979270,1746056979270,367,754,0,0,0,0,0,0,0,0,0,"MouseMonitor – Main.kt [MouseMonitor.main]",1
1746056979280,1746056979280,347,752,0,0,0,0,0,0,0,0,0,"MouseMonitor – Main.kt [MouseMonitor.main]",1
1746056979290,1746056979290,340,752,0,0,0,0,0,0,0,0,0,"MouseMonitor – Main.kt [MouseMonitor.main]",1
1746056979300,1746056979300,303,750,0,0,0,0,0,0,0,0,0,"MouseMonitor – Main.kt [MouseMonitor.main]",1
1746056979310,1746056979310,297,750,0,0,0,0,0,0,0,0,0,"MouseMonitor – Main.kt [MouseMonitor.main]",1
1746056979320,1746056979320,280,750,0,0,0,0,0,0,0,0,0,"MouseMonitor – Main.kt [MouseMonitor.main]",1
1746056979330,1746056979330,260,750,0,0,0,0,0,0,0,0,0,"MouseMonitor – Main.kt [MouseMonitor.main]",1
1746056979340,1746056979340,250,751,0,0,0,0,0,0,0,0,0,"MouseMonitor – Main.kt [MouseMonitor.main]",1
1746056979350,1746056979350,243,752,0,0,0,0,0,0,0,0,0,"MouseMonitor – Main.kt [MouseMonitor.main]",1
1746056979360,1746056979360,241,752,0,0,0,0,0,0,0,0,0,"MouseMonitor – Main.kt [MouseMonitor.main]",1
1746056979370,1746056979490,241,753,0,0,0,0,0,0,0,0,0,"MouseMonitor – Main.kt [MouseMonitor.main]",13
1746056979500,1746056979500,241,752,0,0,0,0,0,0,0,0,0,"MouseMonitor – Main.kt [MouseMonitor.main]",1
1746056979510,1746056979520,242,751,0,0,0,0,0,0,0,0,0,"MouseMonitor – Main.kt [MouseMonitor.main]",2
1746056979530,1746056979530,243,750,0,0,0,0,0,0,0,0,0,"MouseMonitor – Main.kt [MouseMonitor.main]",1
1746056979540,1746056979550,244,749,0,0,0,0,0,0,0,0,0,"MouseMonitor – Main.kt [MouseMonitor.main]",2
1746056979560,1746056979560,246,747,0,0,0,0,0,0,0,0,0,"MouseMonitor – Main.kt [MouseMonitor.main]",1
1746056979571,1746056979571,256,743,0,0,0,0,0,0,0,0,0,"MouseMonitor – Main.kt [MouseMonitor.main]",1
1746056979580,1746056979580,265,741,0,0,0,0,0,0,0,0,0,"MouseMonitor – Main.kt [MouseMonitor.main]",1
1746056979590,1746056979590,272,739,0,0,0,0,0,0,0,0,0,"MouseMonitor – Main.kt [MouseMonitor.main]",1
1746056979600,1746056979600,281,738,0,0,0,0,0,0,0,0,0,"MouseMonitor – Main.kt [MouseMonitor.main]",1
1746056979610,1746056979610,331,734,0,0,0,0,0,0,0,0,0,"MouseMonitor – Main.kt [MouseMonitor.main]",1
1746056979620,1746056979620,370,732,0,0,0,0,0,0,0,0,0,"MouseMonitor – Main.kt [MouseMonitor.main]",1
1746056979630,1746056979630,402,732,0,0,0,0,0,0,0,0,0,"MouseMonitor – Main.kt [MouseMonitor.main]",1
1746056979640,1746056979640,498,728,0,0,0,0,0,0,0,0,0,"MouseMonitor – Main.kt [MouseMonitor.main]",1
1746056979650,1746056979650,555,726,0,0,0,0,0,0,0,0,0,"MouseMonitor – Main.kt [MouseMonitor.main]",1
1746056979660,1746056979660,586,725,0,0,0,0,0,0,0,0,0,"MouseMonitor – Main.kt [MouseMonitor.main]",1
1746056979670,1746056979670,694,723,0,0,0,0,0,0,0,0,0,"MouseMonitor – Main.kt [MouseMonitor.main]",1
1746056979680,1746056979680,748,723,0,0,0,0,0,0,0,0,0,"MouseMonitor – Main.kt [MouseMonitor.main]",1
1746056979690,1746056979690,778,723,0,0,0,0,0,0,0,0,0,"MouseMonitor – Main.kt [MouseMonitor.main]",1
1746056979700,1746056979700,886,723,0,0,0,0,0,0,0,0,0,"MouseMonitor – Main.kt [MouseMonitor.main]",1
1746056979710,1746056979710,941,723,0,0,0,0,0,0,0,0,0,"MouseMonitor – Main.kt [MouseMonitor.main]",1
1746056979720,1746056979720,971,723,0,0,0,0,0,0,0,0,0,"MouseMonitor – Main.kt [MouseMonitor.main]",1
1746056979730,1746056979730,1069,725,0,0,0,0,0,0,0,0,0,"MouseMonitor – Main.kt [MouseMonitor.main]",1
1746056979740,1746056979740,1095,728,0,0,0,0,0,0,0,0,0,"MouseMonitor – Main.kt [MouseMonitor.main]",1
1746056979750,1746056979750,1121,733,0,0,0,0,0,0,0,0,0,"MouseMonitor – Main.kt [MouseMonitor.main]",1
1746056979760,1746056979760,1187,755,0,0,0,0,0,0,0,0,0,"MouseMonitor – Main.kt [MouseMonitor.main]",1
1746056979770,1746056979770,1217,774,0,0,0,0,0,0,0,0,0,"MouseMonitor – Main.kt [MouseMonitor.main]",1
1746056979780,1746056979780,1232,788,0,0,0,0,0,0,0,0,0,"MouseMonitor – Main.kt [MouseMonitor.main]",1
1746056979790,1746056979790,1278,835,0,0,0,0,0,0,0,0,0,"MouseMonitor – Main.kt [MouseMonitor.main]",1
1746056979800,1746056979800,1292,852,0,0,0,0,0,0,0,0,0,"MouseMonitor – Main.kt [MouseMonitor.main]",1
1746056979810,1746056979810,1309,879,0,0,0,0,0,0,0,0,0,"MouseMonitor – Main.kt [MouseMonitor.main]",1
1746056979820,1746056979820,1313,897,0,0,0,0,0,0,0,0,0,"MouseMonitor – Main.kt [MouseMonitor.main]",1
1746056979830,1746056979830,1313,907,0,0,0,0,0,0,0,0,0,"MouseMonitor – Main.kt [MouseMonitor.main]",1
1746056979840,1746056979840,1307,915,0,0,0,0,0,0,0,0,0,"MouseMonitor – Main.kt [MouseMonitor.main]",1
1746056979850,1746056979850,1285,928,0,0,0,0,0,0,0,0,0,"MouseMonitor – Main.kt [MouseMonitor.main]",1
1746056979860,1746056979860,1265,937,0,0,0,0,0,0,0,0,0,"MouseMonitor – Main.kt [MouseMonitor.main]",1
1746056979870,1746056979870,1251,942,0,0,0,0,0,0,0,0,0,"MouseMonitor – Main.kt [MouseMonitor.main]",1
1746056979880,1746056979880,1229,949,0,0,0,0,0,0,0,0,0,"MouseMonitor – Main.kt [MouseMonitor.main]",1
1746056979890,1746056979960,1221,951,0,0,0,0,0,0,0,0,0,"MouseMonitor – Main.kt [MouseMonitor.main]",8
1746056979970,1746056979970,1211,954,0,0,0,0,0,0,0,0,0,"MouseMonitor – Main.kt [MouseMonitor.main]",1
1746056979980,1746056979980,1193,958,0,0,0,0,0,0,0,0,0,"MouseMonitor – Main.kt [MouseMonitor.main]",1
1746056979990,1746056979990,1114,970,0,0,0,0,0,0,0,0,0,"MouseMonitor – Main.kt [MouseMonitor.main]",1
1746056980000,1746056980000,1062,974,0,0,0,0,0,0,0,0,0,"MouseMonitor – Main.kt [MouseMonitor.main]",1
1746056980010,1746056980010,1008,974,0,0,0,0,0,0,0,0,0,"MouseMonitor – Main.kt [MouseMonitor.main]",1
1746056980020,1746056980020,867,976,0,0,0,0,0,0,0,0,0,"MouseMonitor – Main.kt [MouseMonitor.main]",1
1746056980030,1746056980030,816,976,0,0,0,0,0,0,0,0,0,"MouseMonitor – Main.kt [MouseMonitor.main]",1
1746056980040,1746056980040,766,974,0,0,0,0,0,0,0,0,0,"MouseMonitor – Main.kt [MouseMonitor.main]",1
1746056980050,1746056980050,717,970,0,0,0,0,0,0,0,0,0,"MouseMonitor – Main.kt [MouseMonitor.main]",1
1746056980060,1746056980060,672,969,0,0,0,0,0,0,0,0,0,"MouseMonitor – Main.kt [MouseMonitor.main]",1
1746056980070,1746056980070,653,969,0,0,0,0,0,0,0,0,0,"MouseMonitor – Main.kt [MouseMonitor.main]",1
1746056980080,1746056980080,637,969,0,0,0,0,0,0,0,0,0,"MouseMonitor – Main.kt [MouseMonitor.main]",1
1746056980090,1746056980090,617,969,0,0,0,0,0,0,0,0,0,"MouseMonitor – Main.kt [MouseMonitor.main]",1
1746056980100,1746056980100,602,967,0,0,0,0,0,0,0,0,0,"MouseMonitor – Main.kt [MouseMonitor.main]",1
1746056980110,1746056980110,561,963,0,0,0,0,0,0,0,0,0,"MouseMonitor – Main.kt [MouseMonitor.main]",1
1746056980120,1746056980120,521,958,0,0,0,0,0,0,0,0,0,"MouseMonitor – Main.kt [MouseMonitor.main]",1
1746056980130,1746056980130,484,951,0,0,0,0,0,0,0,0,0,"MouseMonitor – Main.kt [MouseMonitor.main]",1
1746056980140,1746056980140,445,945,0,0,0,0,0,0,0,0,0,"MouseMonitor – Main.kt [MouseMonitor.main]",1
1746056980150,1746056980150,387,936,0,0,0,0,0,0,0,0,0,"MouseMonitor – Main.kt [MouseMonitor.main]",1
1746056980160,1746056980160,372,933,0,0,0,0,0,0,0,0,0,"MouseMonitor – Main.kt [MouseMonitor.main]",1
1746056980170,1746056980170,338,929,0,0,0,0,0,0,0,0,0,"MouseMonitor – Main.kt [MouseMonitor.main]",1
1746056980180,1746056980180,324,927,0,0,0,0,0,0,0,0,0,"MouseMonitor – Main.kt [MouseMonitor.main]",1
1746056980190,1746056980190,310,927,0,0,0,0,0,0,0,0,0,"MouseMonitor – Main.kt [MouseMonitor.main]",1
1746056980200,1746056980200,294,928,0,0,0,0,0,0,0,0,0,"MouseMonitor – Main.kt [MouseMonitor.main]",1
1746056980210,1746056980210,291,930,0,0,0,0,0,0,0,0,0,"MouseMonitor – Main.kt [MouseMonitor.main]",1
1746056980220,1746056980230,290,931,0,0,0,0,0,0,0,0,0,"MouseMonitor – Main.kt [MouseMonitor.main]",2
1746056980240,1746056980250,290,932,0,0,0,0,0,0,0,0,0,"MouseMonitor – Main.kt [MouseMonitor.main]",2
1746056980260,1746056980260,290,934,0,0,0,0,0,0,0,0,0,"MouseMonitor – Main.kt [MouseMonitor.main]",1
1746056980270,1746056980280,290,935,0,0,0,0,0,0,0,0,0,"MouseMonitor – Main.kt [MouseMonitor.main]",2
1746056980290,1746056980290,286,938,0,0,0,0,0,0,0,0,0,"MouseMonitor – Main.kt [MouseMonitor.main]",1
1746056980300,1746056980300,282,941,0,0,0,0,0,0,0,0,0,"MouseMonitor – Main.kt [MouseMonitor.main]",1
1746056980310,1746056980310,275,943,0,0,0,0,0,0,0,0,0,"MouseMonitor – Main.kt [MouseMonitor.main]",1
1746056980320,1746056980320,252,946,0,0,0,0,0,0,0,0,0,"MouseMonitor – Main.kt [MouseMonitor.main]",1
1746056980330,1746056980330,240,947,0,0,0,0,0,0,0,0,0,"MouseMonitor – Main.kt [MouseMonitor.main]",1
1746056980340,1746056980340,228,948,0,0,0,0,0,0,0,0,0,"MouseMonitor – Main.kt [MouseMonitor.main]",1
1746056980350,1746056980350,201,952,0,0,0,0,0,0,0,0,0,"MouseMonitor – Main.kt [MouseMonitor.main]",1
1746056980360,1746056980360,186,954,0,0,0,0,0,0,0,0,0,"MouseMonitor – Main.kt [MouseMonitor.main]",1
1746056980370,1746056980370,171,956,0,0,0,0,0,0,0,0,0,"MouseMonitor – Main.kt [MouseMonitor.main]",1
1746056980380,1746056980380,153,960,0,0,0,0,0,0,0,0,0,"MouseMonitor – Main.kt [MouseMonitor.main]",1
1746056980390,1746056980390,142,962,0,0,0,0,0,0,0,0,0,"MouseMonitor – Main.kt [MouseMonitor.main]",1
1746056980400,1746056980400,139,963,0,0,0,0,0,0,0,0,0,"MouseMonitor – Main.kt [MouseMonitor.main]",1
1746056980410,1746056980410,128,965,0,0,0,0,0,0,0,0,0,"MouseMonitor – Main.kt [MouseMonitor.main]",1
1746056980420,1746056980420,123,966,0,0,0,0,0,0,0,0,0,"MouseMonitor – Main.kt [MouseMonitor.main]",1
1746056980430,1746056980430,120,967,0,0,0,0,0,0,0,0,0,"MouseMonitor – Main.kt [MouseMonitor.main]",1
1746056980440,1746056980440,112,968,0,0,0,0,0,0,0,0,0,"MouseMonitor – Main.kt [MouseMonitor.main]",1
1746056980450,1746056980450,111,968,0,0,0,0,0,0,0,0,0,"MouseMonitor – Main.kt [MouseMonitor.main]",1
1746056980460,1746056980460,108,968,0,0,0,0,0,0,0,0,0,"MouseMonitor – Main.kt [MouseMonitor.main]",1
1746056980470,1746056980620,106,968,0,0,0,0,0,0,0,0,0,"MouseMonitor – Main.kt [MouseMonitor.main]",16
1746056980630,1746056980630,105,968,0,0,0,0,0,0,0,0,0,"MouseMonitor – Main.kt [MouseMonitor.main]",1
1746056980640,1746056980640,104,968,0,0,0,0,0,0,0,0,0,"MouseMonitor – Main.kt [MouseMonitor.main]",1
1746056980650,1746056980650,102,968,0,0,0,0,0,0,0,0,0,"MouseMonitor – Main.kt [MouseMonitor.main]",1
1746056980660,1746056980660,101,968,0,0,0,0,0,0,0,0,0,"MouseMonitor – Main.kt [MouseMonitor.main]",1
1746056980671,1746056980671,100,968,0,0,0,0,0,0,0,0,0,"MouseMonitor – Main.kt [MouseMonitor.main]",1
1746056980680,1746056980680,100,969,0,0,0,0,0,0,0,0,0,"MouseMonitor – Main.kt [MouseMonitor.main]",1
1746056980690,1746056980720,99,969,0,0,0,0,0,0,0,0,0,"MouseMonitor – Main.kt [MouseMonitor.main]",4
1746056980730,1746056980730,98,969,0,0,0,0,0,0,0,0,0,"MouseMonitor – Main.kt [MouseMonitor.main]",1
1746056980740,1746056980740,97,969,0,0,0,0,0,0,0,0,0,"MouseMonitor – Main.kt [MouseMonitor.main]",1
1746056980750,1746056980750,95,969,0,0,0,0,0,0,0,0,0,"MouseMonitor – Main.kt [MouseMonitor.main]",1
1746056980760,1746056980760,94,969,0,0,0,0,0,0,0,0,0,"MouseMonitor – Main.kt [MouseMonitor.main]",1
